-- MySQL dump 10.11
--
-- Host: localhost    Database: glisttest
-- ------------------------------------------------------
-- Server version	5.0.51a-24+lenny3

/*!40101 SET @OLD_CHARACTER_SET_CLIENT=@@CHARACTER_SET_CLIENT */;
/*!40101 SET @OLD_CHARACTER_SET_RESULTS=@@CHARACTER_SET_RESULTS */;
/*!40101 SET @OLD_COLLATION_CONNECTION=@@COLLATION_CONNECTION */;
/*!40101 SET NAMES utf8 */;
/*!40103 SET @OLD_TIME_ZONE=@@TIME_ZONE */;
/*!40103 SET TIME_ZONE='+00:00' */;
/*!40014 SET @OLD_UNIQUE_CHECKS=@@UNIQUE_CHECKS, UNIQUE_CHECKS=0 */;
/*!40014 SET @OLD_FOREIGN_KEY_CHECKS=@@FOREIGN_KEY_CHECKS, FOREIGN_KEY_CHECKS=0 */;
/*!40101 SET @OLD_SQL_MODE=@@SQL_MODE, SQL_MODE='NO_AUTO_VALUE_ON_ZERO' */;
/*!40111 SET @OLD_SQL_NOTES=@@SQL_NOTES, SQL_NOTES=0 */;

--
-- Table structure for table `items`
--

DROP TABLE IF EXISTS `items`;
SET @saved_cs_client     = @@character_set_client;
SET character_set_client = utf8;
CREATE TABLE `items` (
  `itemid` int(10) unsigned NOT NULL auto_increment,
  `upc` bigint(13) unsigned default NULL,
  `productid` int(10) unsigned NOT NULL,
  `itemname` varchar(255) default NULL,
  `size` double unsigned default NULL,
  `units` varchar(255) default NULL,
  `priority` smallint(5) unsigned default '0',
  `timestamp` timestamp NOT NULL default CURRENT_TIMESTAMP on update CURRENT_TIMESTAMP,
  `acctid` int(10) unsigned NOT NULL,
  PRIMARY KEY  (`itemid`)
) ENGINE=MyISAM AUTO_INCREMENT=124 DEFAULT CHARSET=latin1;
SET character_set_client = @saved_cs_client;

--
-- Dumping data for table `items`
--

LOCK TABLES `items` WRITE;
/*!40000 ALTER TABLE `items` DISABLE KEYS */;
INSERT INTO `items` VALUES (36,11110843708,58,'',0,'',0,'2010-02-26 06:59:15',1),(35,86600702513,57,'Bumble Bee Specialty Products Crabmeat White',6,'oz',0,'2010-02-26 06:59:15',1),(34,43000951224,56,'Country Time Pink Lemonade, 12 Qt',32,'oz',0,'2010-02-26 06:59:15',1),(7,8727105,20,'Captain Morgan Original Spiced Rum',750,'ml',0,'2010-02-26 06:59:15',1),(8,37000174097,21,'Cascade 7.81 lb',0,'',0,'2010-02-26 06:59:15',1),(9,44600300375,22,'Clorox 2 Stain Fighter & Color Booster (Original)',33,'fl. oz',0,'2010-02-26 06:59:15',1),(10,37000800712,24,'Bounce Fabric Softener Outdoor Fresh Scent Dryer Sheets',120,'sheets',0,'2010-02-26 06:59:15',1),(11,21000615261,25,'Kraft American Singles',16,'oz',0,'2010-02-26 06:59:15',1),(12,762274072311,26,'Bass & Co. Pale Ale',12,'oz',0,'2010-02-26 06:59:15',1),(13,76420911073,26,'Pyramid Hefe Weizen Ale',12,'fl. oz',0,'2010-02-26 06:59:15',1),(14,28400090582,27,'',0,'',0,'2010-02-26 06:59:15',1),(15,41500007007,28,'French\'s Classic Yellow Mustard Squeeze Bottle',8,'oz',0,'2010-02-26 06:59:15',1),(16,13000005746,29,'Heinz® Ketchup Tomato - 40 oz. btl. (Fidge Fit Bottle)',40,'oz',0,'2010-02-26 06:59:15',1),(17,54100014009,32,'VLASIC HAMBURGER CHIPS',22,'z',0,'2010-02-26 06:59:15',1),(18,11110722041,33,'',0,'',0,'2010-02-26 06:59:15',1),(19,27400800245,34,'Shedd\'s Spread Country Crock Spread Plus Calcium',16,'oz',0,'2010-02-26 06:59:15',1),(20,12000007460,36,'Diet Mountin Dew',2,'liter',0,'2010-02-26 06:59:15',1),(21,13024070010,37,'',0,'',0,'2010-02-26 06:59:15',1),(22,25000026348,41,'Minute Maid Premium Original Low Pulp Orange Juice - Calcium + Vitamin D',64,'fl oz',0,'2010-02-26 06:59:15',1),(23,70847876472,42,'Hansen\'s Orange Mango Soda',12,'oz',0,'2010-02-26 06:59:15',1),(24,11110971951,43,'Kroger Turkey Bacon',12,'oz',0,'2010-02-26 06:59:15',1),(25,23700014528,44,'TYSON FUN NUGGETS',29,'oz',0,'2010-02-26 06:59:15',1),(26,11110979445,45,'',0,'',0,'2010-02-26 06:59:15',1),(27,21000624188,46,'Kraft Cracker Barrel Extra Sharp Cheese',10,'oz',0,'2010-02-26 06:59:15',1),(28,49000006391,47,'Coca-Cola Classic',2,'liters',0,'2010-02-26 06:59:15',1),(29,85000001592,48,'EJ MERLOT',0,'',0,'2010-02-26 06:59:15',1),(30,28400064040,49,'tostitos',0,'',0,'2010-02-26 06:59:15',1),(31,16000275287,50,'Cheerios',18,'oz',0,'2010-02-26 06:59:15',1),(32,11110082756,51,'',0,'',0,'2010-02-26 06:59:15',1),(33,28400084147,52,'Frito\'s',0,'',0,'2010-02-26 06:59:15',1),(37,11110580337,59,'KROGER 100% GRATED PARMESAN CHEESE',8,'oz',0,'2010-02-26 06:59:15',1),(38,11110738479,60,'',0,'',0,'2010-02-26 06:59:15',1),(39,51000015273,61,'CMP CRM CHKN W/MUSHROOM',10.75,'oz',0,'2010-02-26 06:59:15',1),(40,11799577,62,'I',0,'i',0,'2010-02-26 06:59:15',1),(41,51000181923,63,'Campbell\'s Select Harvest Light Vegetable Beef & Barley Soup',18.6,'oz',0,'2010-02-26 06:59:15',1),(42,119680577,64,'I',0,'i',0,'2010-02-26 06:59:15',1),(43,21000027071,66,'',0,'',0,'2010-02-26 06:59:15',1),(44,11110748447,67,'',0,'',0,'2010-02-26 06:59:15',1),(45,11110716934,69,'',0,'',0,'2010-02-26 06:59:15',1),(46,11110086235,70,'',0,'',0,'2010-02-26 06:59:15',1),(47,37000304708,71,'Liquid Ivory 7.5Z GREEN',7.5,'oz',0,'2010-02-26 06:59:15',1),(48,35000008398,72,'AJAX ANTIBACTERIAL HAND SOAP ORANGE',16,'oz',0,'2010-02-26 06:59:15',1),(49,37000304197,71,'Liquid Ivory RFL 16Z CLEAR',16,'oz',0,'2010-02-26 06:59:15',1),(50,52000002584,73,'Propel berry Water Beverage Mix',0,'',0,'2010-02-26 06:59:15',1),(51,289429277,73,'I',0,'i',0,'2010-02-26 06:59:15',1),(52,10700000125,74,'JOLLY RANCHER HARD CANDY',1.28,'oz',0,'2010-02-26 06:59:15',1),(53,34000007646,75,'Breath Savers Peppermint',12,'ct',0,'2010-02-26 06:59:15',1),(54,80686340904,76,'DEKUYPER ISLAND BLUE PUCKER',50,'ml',0,'2010-02-26 06:59:15',1),(55,30000007792,77,'Quaker, Low Fat Chocolate Chunk',0.84,'oz',0,'2010-02-26 06:59:15',1),(56,11110090379,78,'',0,'',0,'2010-02-26 06:59:15',1),(57,11110736161,79,'',0,'',0,'2010-02-26 06:59:15',1),(58,16000420403,80,'Bisquick',40,'oz',0,'2010-02-26 06:59:15',1),(59,30000011805,81,'Quaker Oats Quick 1-minute',18,'oz',0,'2010-02-26 06:59:15',1),(60,11110725639,83,'',0,'',0,'2010-02-26 06:59:15',1),(61,16000106109,84,'Gold Medal All-Purpose Flour',5,'lb',0,'2010-02-26 06:59:15',1),(62,11110745200,85,'',0,'',0,'2010-02-26 06:59:15',1),(63,15700072004,85,'SWISSMISS HOT COCOA-SUGAR FR',4.24,'oz',0,'2010-02-26 06:59:15',1),(64,15700072776,85,'Swiss Miss Milk Chocolate with Marshmallows',10,'ct',0,'2010-02-26 06:59:15',1),(65,70734053184,86,'CELSTIAL TANGRNE ORNG ZING TEA',20,'ct',0,'2010-02-26 06:59:15',1),(66,72000188309,87,'American Fare Toothpicks',250,'ct',0,'2010-02-26 06:59:15',1),(67,41380365044,88,'',0,'',0,'2010-02-26 06:59:15',1),(68,0,88,'',0,'',0,'2010-02-26 06:59:15',1),(69,64144033041,89,'PAM VEGETABLE SPRAY',4,'oz',0,'2010-02-26 06:59:15',1),(70,18000281541,90,'whipped supreme frosting',12,'oz',0,'2010-02-26 06:59:15',1),(71,15800070115,91,'C&H POWDERED SUGAR',16,'oz',0,'2010-02-26 06:59:15',1),(72,43000285213,92,'Stovetop Stuffing, Chicken',6,'oz',0,'2010-02-26 06:59:15',1),(73,16000439504,93,'Betty Crocker SuperMoist Butter Recipe Cake Mix',18.25,'oz',0,'2010-02-26 06:59:15',1),(74,11110852441,95,'',0,'',0,'2010-02-26 06:59:15',1),(75,54800110018,96,'Uncle Ben\'s Natural Whole Grain Brown Rice',16,'oz',0,'2010-02-26 06:59:15',1),(76,11110801500,97,'',0,'',0,'2010-02-26 06:59:15',1),(77,11110684271,98,'Kroger Garlic Powder Seasoning',3,'oz',0,'2010-02-26 06:59:15',1),(78,11110692061,98,'',0,'',0,'2010-02-26 06:59:15',1),(79,11110682529,99,'Kroger Ground Cinnamon',1.75,'oz',0,'2010-02-26 06:59:15',1),(80,11110682925,100,'LEAF OREGANO',0,'ea',0,'2010-02-26 06:59:15',1),(81,11110729835,101,'',0,'',0,'2010-02-26 06:59:15',1),(82,11110682291,102,'',0,'',0,'2010-02-26 06:59:15',1),(83,11110700049,103,'',0,'',0,'2010-02-26 06:59:15',1),(84,24600010016,104,'Morton Salt (no iodide) round cardboard container',737,'g',0,'2010-02-26 06:59:15',1),(85,33200011101,105,'Arm & Hammer Pure Baking Soda',16,'oz',0,'2010-02-26 06:59:15',1),(86,12333002439,106,'',0,'',0,'2010-02-26 06:59:15',1),(87,385344977,107,'I',0,'i',0,'2010-02-26 06:59:15',1),(88,51500253625,107,'Crisco Pure Vegetable Oil',48,'fl oz',0,'2010-02-26 06:59:15',1),(89,22200004909,108,'Speed Stick Fresh Scent Antiperspirant/Deodorant',3,'oz',0,'2010-02-26 06:59:15',1),(90,44600009384,110,'Clorox Toilet Bowl Cleaner with Bleach',24,'fl. oz',0,'2010-02-26 06:59:15',1),(91,11111613393,111,'DOVE EXFOLIATING BAR 9/8PK',8,'ct',0,'2010-02-26 06:59:15',1),(92,25700005407,112,'SRUBBING BUB BATHRM AERO',25,'fo',0,'2010-02-26 06:59:15',1),(93,19200789141,114,'LYSOL PLUS BLEACH TRIGGER',32,'fo',0,'2010-02-26 06:59:15',1),(94,605592000096,115,'NEXXUS EXXTRA GEL',8.5,'oz',0,'2010-02-26 06:59:15',1),(95,52336337688,115,'Schwarzkopf\'s got2b magnetik hair gel',240,'ml',0,'2010-02-26 06:59:15',1),(96,11110870667,116,'Drawstring Tall Kitchen Bags 13 gal. 0.60 mil',50,'ct',0,'2010-02-26 06:59:15',1),(97,36000261356,117,'Kleenex Brand Tissue With Lotion Aloe',130,'ct',0,'2010-02-26 06:59:15',1),(98,41100810083,118,'CORICIDIN D TABLETS FLU/SINUS',24,'ct',0,'2010-02-26 06:59:15',1),(99,300850522029,119,'CORICIDIN HBP CLD/FLU TAB',24,'ct',0,'2010-02-26 06:59:15',1),(100,50428278741,120,'CVS Plastic Bandages, asst. sizes',60,'ct',0,'2010-02-26 06:59:15',1),(101,381370044086,120,'Band-Aid Tough-Strips',20,'ct',0,'2010-02-26 06:59:15',1),(102,50428984031,121,'Cherry Cough Drops',100,'ct',0,'2010-02-26 06:59:15',1),(103,36600813337,122,'Chap Stick Lip Balm',0.15,'oz',0,'2010-02-26 06:59:15',1),(104,11110821874,131,'',0,'',0,'2010-02-26 06:59:15',1),(105,11110848734,124,'spagetti',0,'',0,'2010-02-26 06:59:15',1),(106,30900177687,54,'H ONE THIN SL HONEY HAM',6,'oz',0,'2010-02-26 06:59:15',1),(107,37600188081,68,'Hormel Turkey Pepperoni Slices',6,'oz',0,'2010-02-26 06:59:15',1),(108,21000604647,25,'Kraft American Singles',12,'oz',0,'2010-02-26 06:59:15',1),(109,11110585172,123,'',0,'',0,'2010-02-26 06:59:15',1),(110,278997007276,128,'Random-weight item: $7.27',0,'',0,'2010-02-26 06:59:15',1),(111,11110419057,53,'',0,'',0,'2010-02-26 06:59:15',1),(112,11110817181,132,'',0,'',0,'2010-02-26 06:59:15',1),(113,71279241005,82,'FRESH EXP SLD BLND AMER 12 OZ',0,'',0,'2010-02-26 06:59:15',1),(114,11110916204,35,'CARROTS 1# MINI PEELED KROGER',16,'oz',0,'2010-02-26 06:59:15',1),(115,30000055793,77,'QUAKER LF CHWY C/CHUNK GRNL B',8.4,'oz',0,'2010-02-26 06:59:15',1),(116,854492000077,127,'',0,'',0,'2010-02-26 06:59:15',1),(117,818440977,55,'I',0,'i',0,'2010-02-26 06:59:15',1),(118,73410135471,133,'',0,'',0,'2010-02-26 06:59:15',1),(119,24200022471,30,'PUREX 44USE PWDR BONUS PK',58.8,'oz',0,'2010-02-26 06:59:15',1),(120,36000241815,110,'',0,'',0,'2010-02-26 06:59:15',1),(121,50428011331,40,'',0,'',0,'2010-02-26 06:59:15',1),(122,21200572357,113,'HD-3 3PK SCOTCHBRITE SCRUB SPG',0,'',0,'2010-02-26 06:59:15',1),(123,70145172320,134,'*ARDN WIRE MESH',2,'ct',0,'2010-02-26 06:59:15',1);
/*!40000 ALTER TABLE `items` ENABLE KEYS */;
UNLOCK TABLES;

--
-- Table structure for table `listitems`
--

DROP TABLE IF EXISTS `listitems`;
SET @saved_cs_client     = @@character_set_client;
SET character_set_client = utf8;
CREATE TABLE `listitems` (
  `listitemid` int(10) unsigned NOT NULL auto_increment,
  `listid` int(10) unsigned NOT NULL,
  `productid` int(10) unsigned NOT NULL,
  `size` double unsigned default NULL,
  `units` varchar(255) default NULL,
  `type` enum('tobuy','instock','fullinventory','mininventory') NOT NULL,
  `notes` varchar(255) default NULL,
  `timestamp` timestamp NOT NULL default CURRENT_TIMESTAMP on update CURRENT_TIMESTAMP,
  `acctid` int(10) unsigned NOT NULL,
  PRIMARY KEY  (`listitemid`)
) ENGINE=MyISAM AUTO_INCREMENT=531 DEFAULT CHARSET=latin1;
SET character_set_client = @saved_cs_client;

--
-- Dumping data for table `listitems`
--

LOCK TABLES `listitems` WRITE;
/*!40000 ALTER TABLE `listitems` DISABLE KEYS */;
INSERT INTO `listitems` VALUES (215,1,29,28,'oz','fullinventory','','2010-02-26 06:58:29',1),(214,1,29,40,'oz','instock','','2010-02-26 06:58:29',1),(213,1,30,58,'oz','mininventory','','2010-02-26 06:58:29',1),(212,1,30,58,'oz','fullinventory','','2010-02-26 06:58:29',1),(514,1,135,1,'ct','mininventory','','2010-02-26 06:58:29',1),(210,1,28,8,'oz','instock','','2010-02-26 06:58:29',1),(211,1,29,14,'oz','instock','','2010-02-26 06:58:29',1),(190,1,17,750,'ml','instock','','2010-02-26 06:58:29',1),(191,1,18,750,'ml','instock','','2010-02-26 06:58:29',1),(192,1,19,59.2,'oz','instock','','2010-02-26 06:58:29',1),(208,1,26,12,'fl. oz','instock','','2010-02-26 06:58:29',1),(207,1,26,12,'fl. oz','instock','','2010-02-26 06:58:29',1),(206,1,26,12,'fl. oz','instock','','2010-02-26 06:58:29',1),(197,1,20,750,'ml','instock','','2010-02-26 06:58:29',1),(198,1,21,125,'oz','instock','','2010-02-26 06:58:29',1),(199,1,22,33,'fl. oz','instock','','2010-02-26 06:58:29',1),(200,1,23,4.4,'oz','instock','','2010-02-26 06:58:29',1),(202,1,24,120,'ct','instock','','2010-02-26 06:58:29',1),(203,1,25,24,'ct','instock','Sliced','2010-02-26 06:58:29',1),(204,1,25,24,'ct','fullinventory','','2010-02-26 06:58:29',1),(205,1,25,12,'ct','mininventory','','2010-02-26 06:58:29',1),(216,1,29,28,'oz','mininventory','','2010-02-26 06:58:29',1),(217,1,31,23.5,'oz','instock','','2010-02-26 06:58:29',1),(218,1,32,24,'fl. oz','instock','Sandwich','2010-02-26 06:58:29',1),(219,1,33,24,'fl. oz','instock','','2010-02-26 06:58:29',1),(220,1,34,16,'oz','instock','','2010-02-26 06:58:29',1),(221,1,35,12,'oz','fullinventory','','2010-02-26 06:58:29',1),(222,1,35,12,'oz','mininventory','','2010-02-26 06:58:29',1),(484,1,123,8,'oz','instock','','2010-02-26 06:58:29',1),(224,1,37,750,'ml','instock','','2010-02-26 06:58:29',1),(225,1,37,750,'ml','instock','','2010-02-26 06:58:29',1),(226,1,37,750,'ml','instock','','2010-02-26 06:58:29',1),(227,1,38,750,'ml','instock','','2010-02-26 06:58:29',1),(228,1,39,750,'ml','instock','','2010-02-26 06:58:29',1),(230,1,40,100,'ct','fullinventory','','2010-02-26 06:58:29',1),(231,1,40,100,'ct','mininventory','','2010-02-26 06:58:29',1),(235,1,42,12,'oz','instock','','2010-02-26 06:58:29',1),(233,1,41,0.5,'gal','fullinventory','','2010-02-26 06:58:29',1),(234,1,41,0.5,'gal','mininventory','','2010-02-26 06:58:29',1),(236,1,43,12,'oz','instock','','2010-02-26 06:58:29',1),(237,1,44,29,'oz','instock','','2010-02-26 06:58:29',1),(238,1,45,48,'oz','instock','','2010-02-26 06:58:29',1),(239,1,46,10,'oz','instock','','2010-02-26 06:58:29',1),(240,1,47,2,'l','instock','','2010-02-26 06:58:29',1),(241,1,48,187,'ml','instock','','2010-02-26 06:58:29',1),(242,1,48,187,'ml','instock','','2010-02-26 06:58:29',1),(243,1,49,13,'oz','instock','','2010-02-26 06:58:29',1),(244,1,50,18,'oz','instock','','2010-02-26 06:58:29',1),(245,1,51,24,'oz','instock','','2010-02-26 06:58:29',1),(246,1,52,9.5,'oz','instock','','2010-02-26 06:58:29',1),(247,1,48,750,'ml','instock','','2010-02-26 06:58:29',1),(248,1,48,750,'ml','instock','','2010-02-26 06:58:29',1),(249,1,48,750,'ml','instock','','2010-02-26 06:58:29',1),(250,1,48,750,'ml','instock','','2010-02-26 06:58:29',1),(251,1,48,750,'ml','instock','','2010-02-26 06:58:29',1),(252,1,48,750,'ml','instock','','2010-02-26 06:58:29',1),(253,1,50,18,'oz','fullinventory','','2010-02-26 06:58:29',1),(254,1,50,12,'oz','mininventory','','2010-02-26 06:58:29',1),(255,1,53,0.5,'gal','fullinventory','1%','2010-02-26 06:58:29',1),(256,1,53,0.5,'gal','mininventory','1%','2010-02-26 06:58:29',1),(257,1,44,58,'oz','fullinventory','','2010-02-26 06:58:29',1),(258,1,44,58,'oz','mininventory','','2010-02-26 06:58:29',1),(259,1,22,33,'fl. oz','fullinventory','','2010-02-26 06:58:29',1),(260,1,22,33,'fl. oz','mininventory','','2010-02-26 06:58:29',1),(261,1,21,125,'oz','fullinventory','','2010-02-26 06:58:29',1),(262,1,21,32,'oz','mininventory','','2010-02-26 06:58:29',1),(263,1,24,120,'ct','fullinventory','','2010-02-26 06:58:29',1),(264,1,24,120,'ct','mininventory','','2010-02-26 06:58:29',1),(265,1,45,16,'oz','fullinventory','','2010-02-26 06:58:29',1),(266,1,45,16,'oz','mininventory','','2010-02-26 06:58:29',1),(267,1,31,47,'oz','fullinventory','','2010-02-26 06:58:29',1),(268,1,31,23.5,'oz','mininventory','','2010-02-26 06:58:29',1),(269,1,33,24,'fl. oz','fullinventory','','2010-02-26 06:58:29',1),(270,1,33,24,'fl. oz','mininventory','','2010-02-26 06:58:29',1),(271,1,43,12,'oz','fullinventory','','2010-02-26 06:58:29',1),(272,1,43,12,'oz','mininventory','','2010-02-26 06:58:29',1),(273,1,51,24,'oz','fullinventory','','2010-02-26 06:58:29',1),(274,1,51,24,'oz','mininventory','','2010-02-26 06:58:29',1),(275,1,54,5,'oz','fullinventory','','2010-02-26 06:58:29',1),(276,1,54,5,'oz','mininventory','','2010-02-26 06:58:29',1),(277,1,55,8,'ct','fullinventory','','2010-02-26 06:58:29',1),(278,1,55,8,'ct','mininventory','','2010-02-26 06:58:29',1),(279,1,56,32,'oz','instock','','2010-02-26 06:58:29',1),(280,1,57,6,'oz','instock','','2010-02-26 06:58:29',1),(281,1,58,14.5,'oz','instock','','2010-02-26 06:58:29',1),(282,1,59,8,'oz','fullinventory','','2010-02-26 06:58:29',1),(283,1,59,8,'oz','mininventory','','2010-02-26 06:58:29',1),(284,1,60,14,'oz','instock','','2010-02-26 06:58:29',1),(285,1,60,14,'oz','instock','','2010-02-26 06:58:29',1),(286,1,61,10.75,'oz','instock','','2010-02-26 06:58:29',1),(287,1,62,10.75,'oz','instock','','2010-02-26 06:58:29',1),(288,1,63,18.6,'oz','instock','','2010-02-26 06:58:29',1),(289,1,64,19,'oz','instock','','2010-02-26 06:58:29',1),(290,1,65,4,'ct','fullinventory','','2010-02-26 06:58:29',1),(291,1,65,4,'ct','mininventory','','2010-02-26 06:58:29',1),(293,1,66,16.5,'oz','fullinventory','','2010-02-26 06:58:29',1),(294,1,66,11,'oz','mininventory','','2010-02-26 06:58:29',1),(295,1,67,14,'oz','instock','','2010-02-26 06:58:29',1),(296,1,67,14,'oz','fullinventory','','2010-02-26 06:58:29',1),(297,1,67,14,'oz','mininventory','','2010-02-26 06:58:29',1),(298,1,68,6,'oz','fullinventory','','2010-02-26 06:58:29',1),(299,1,68,6,'oz','mininventory','','2010-02-26 06:58:29',1),(300,1,69,18,'oz','instock','','2010-02-26 06:58:29',1),(301,1,69,18,'oz','fullinventory','','2010-02-26 06:58:29',1),(302,1,69,18,'oz','mininventory','','2010-02-26 06:58:29',1),(303,1,70,4.4,'oz','instock','','2010-02-26 06:58:29',1),(304,1,71,7.5,'oz','instock','','2010-02-26 06:58:29',1),(305,1,71,7.5,'oz','instock','','2010-02-26 06:58:29',1),(306,1,71,7.5,'oz','instock','','2010-02-26 06:58:29',1),(307,1,72,16,'oz','instock','','2010-02-26 06:58:29',1),(308,1,72,16,'oz','fullinventory','','2010-02-26 06:58:29',1),(309,1,72,16,'oz','mininventory','','2010-02-26 06:58:29',1),(310,1,71,22.5,'oz','fullinventory','','2010-02-26 06:58:29',1),(311,1,71,15,'oz','mininventory','','2010-02-26 06:58:29',1),(312,1,71,16,'oz','instock','','2010-02-26 06:58:29',1),(313,1,73,0.2,'oz','instock','','2010-02-26 06:58:29',1),(314,1,73,0.18,'oz','instock','','2010-02-26 06:58:29',1),(317,1,75,12,'ct','instock','','2010-02-26 06:58:29',1),(318,1,75,12,'ct','instock','','2010-02-26 06:58:29',1),(319,1,75,12,'ct','instock','','2010-02-26 06:58:29',1),(320,1,76,50,'ml','instock','','2010-02-26 06:58:29',1),(321,1,76,50,'ml','instock','','2010-02-26 06:58:29',1),(322,1,76,50,'ml','instock','','2010-02-26 06:58:29',1),(475,1,131,1,'ct','mininventory','','2010-02-26 06:58:29',1),(324,1,77,10,'ct','fullinventory','','2010-02-26 06:58:29',1),(325,1,77,10,'ct','mininventory','','2010-02-26 06:58:29',1),(326,1,78,15,'oz','instock','','2010-02-26 06:58:29',1),(327,1,79,10,'oz','instock','','2010-02-26 06:58:29',1),(328,1,80,40,'oz','instock','','2010-02-26 06:58:29',1),(329,1,80,40,'oz','fullinventory','','2010-02-26 06:58:29',1),(330,1,80,24,'oz','mininventory','','2010-02-26 06:58:29',1),(331,1,81,18,'oz','instock','','2010-02-26 06:58:29',1),(332,1,82,12,'oz','fullinventory','','2010-02-26 06:58:29',1),(333,1,82,12,'oz','mininventory','','2010-02-26 06:58:29',1),(334,1,83,16,'fl. oz','fullinventory','','2010-02-26 06:58:29',1),(335,1,83,16,'fl. oz','mininventory','','2010-02-26 06:58:29',1),(336,1,84,5,'lb','instock','','2010-02-26 06:58:29',1),(337,1,84,1,'lb','fullinventory','','2010-02-26 06:58:29',1),(338,1,84,1,'lb','mininventory','','2010-02-26 06:58:29',1),(339,1,85,10,'oz','fullinventory','','2010-02-26 06:58:29',1),(340,1,85,2.25,'oz','mininventory','','2010-02-26 06:58:29',1),(341,1,85,4.4,'oz','instock','','2010-02-26 06:58:29',1),(342,1,85,2.25,'oz','instock','','2010-02-26 06:58:29',1),(343,1,85,10,'oz','instock','','2010-02-26 06:58:29',1),(344,1,86,20,'ct','instock','','2010-02-26 06:58:29',1),(345,1,86,20,'ct','instock','','2010-02-26 06:58:29',1),(346,1,86,20,'ct','instock','','2010-02-26 06:58:29',1),(347,1,86,20,'ct','instock','','2010-02-26 06:58:29',1),(348,1,87,250,'ct','instock','','2010-02-26 06:58:29',1),(349,1,87,250,'ct','fullinventory','','2010-02-26 06:58:29',1),(350,1,87,250,'ct','mininventory','','2010-02-26 06:58:29',1),(351,1,88,24,'ct','instock','','2010-02-26 06:58:29',1),(352,1,88,24,'ct','instock','','2010-02-26 06:58:29',1),(353,1,89,4,'oz','instock','','2010-02-26 06:58:29',1),(354,1,89,4,'oz','fullinventory','','2010-02-26 06:58:29',1),(355,1,89,4,'oz','mininventory','','2010-02-26 06:58:29',1),(356,1,90,12,'oz','instock','','2010-02-26 06:58:29',1),(357,1,90,12,'oz','fullinventory','','2010-02-26 06:58:29',1),(358,1,90,12,'oz','mininventory','','2010-02-26 06:58:29',1),(359,1,91,16,'oz','instock','','2010-02-26 06:58:29',1),(360,1,91,16,'oz','fullinventory','','2010-02-26 06:58:29',1),(361,1,91,16,'oz','mininventory','','2010-02-26 06:58:29',1),(362,1,92,6,'oz','instock','for Chicken','2010-02-26 06:58:29',1),(363,1,93,18.25,'oz','instock','','2010-02-26 06:58:29',1),(364,1,94,1,'ct','fullinventory','','2010-02-26 06:58:29',1),(365,1,94,1,'ct','mininventory','','2010-02-26 06:58:29',1),(513,1,135,2,'ct','fullinventory','','2010-02-26 06:58:29',1),(367,1,96,16,'oz','instock','Whole Grain','2010-02-26 06:58:29',1),(368,1,96,16,'oz','fullinventory','','2010-02-26 06:58:29',1),(369,1,96,16,'oz','mininventory','','2010-02-26 06:58:29',1),(370,1,97,16,'oz','fullinventory','','2010-02-26 06:58:29',1),(371,1,97,16,'oz','mininventory','','2010-02-26 06:58:29',1),(372,1,97,16,'oz','instock','','2010-02-26 06:58:29',1),(373,1,98,3,'oz','instock','','2010-02-26 06:58:29',1),(374,1,98,3,'oz','fullinventory','','2010-02-26 06:58:29',1),(375,1,98,3,'oz','mininventory','','2010-02-26 06:58:29',1),(376,1,98,5.75,'oz','instock','','2010-02-26 06:58:29',1),(377,1,99,1.75,'oz','instock','','2010-02-26 06:58:29',1),(378,1,99,1.75,'oz (49g)','fullinventory','','2010-02-26 06:58:29',1),(379,1,99,1.75,'oz (49g)','mininventory','','2010-02-26 06:58:29',1),(380,1,100,0.5,'oz','instock','','2010-02-26 06:58:29',1),(381,1,100,0.5,'oz','fullinventory','','2010-02-26 06:58:29',1),(382,1,100,0.5,'oz','mininventory','','2010-02-26 06:58:29',1),(383,1,88,20,'ct','instock','','2010-02-26 06:58:29',1),(384,1,88,20,'ct','instock','','2010-02-26 06:58:29',1),(385,1,101,1.67,'oz','instock','','2010-02-26 06:58:29',1),(386,1,101,0.5,'oz','fullinventory','','2010-02-26 06:58:29',1),(387,1,101,0.5,'oz','mininventory','','2010-02-26 06:58:29',1),(388,1,102,0.5,'oz','fullinventory','','2010-02-26 06:58:29',1),(389,1,102,0.5,'oz','mininventory','','2010-02-26 06:58:29',1),(390,1,102,0.69,'oz','instock','','2010-02-26 06:58:29',1),(391,1,103,12.7,'oz','instock','','2010-02-26 06:58:29',1),(392,1,103,12.7,'oz','fullinventory','','2010-02-26 06:58:29',1),(393,1,103,12.7,'oz','mininventory','','2010-02-26 06:58:29',1),(394,1,104,26,'oz','instock','','2010-02-26 06:58:29',1),(395,1,104,26,'oz','fullinventory','','2010-02-26 06:58:29',1),(396,1,104,26,'oz','mininventory','','2010-02-26 06:58:29',1),(397,1,105,16,'oz','instock','','2010-02-26 06:58:29',1),(398,1,106,1,'qt','instock','','2010-02-26 06:58:29',1),(399,1,107,48,'fl. oz','instock','','2010-02-26 06:58:29',1),(400,1,107,32,'fl. oz','fullinventory','','2010-02-26 06:58:29',1),(401,1,107,32,'fl. oz','mininventory','','2010-02-26 06:58:29',1),(474,1,131,2,'ct','fullinventory','','2010-02-26 06:58:29',1),(403,1,108,1,'ct','instock','','2010-02-26 06:58:29',1),(404,1,108,1,'ct','instock','','2010-02-26 06:58:29',1),(405,1,108,1,'ct','instock','','2010-02-26 06:58:29',1),(406,1,108,3,'ct','fullinventory','','2010-02-26 06:58:29',1),(407,1,108,2,'ct','mininventory','','2010-02-26 06:58:29',1),(408,1,109,12,'ct','instock','','2010-02-26 06:58:29',1),(409,1,109,24,'ct','fullinventory','','2010-02-26 06:58:29',1),(410,1,109,12,'ct','mininventory','','2010-02-26 06:58:29',1),(411,1,110,24,'fl. oz','instock','','2010-02-26 06:58:29',1),(412,1,110,24,'fl. oz','fullinventory','','2010-02-26 06:58:29',1),(413,1,110,24,'fl. oz','mininventory','','2010-02-26 06:58:29',1),(414,1,111,8,'ct','instock','','2010-02-26 06:58:29',1),(415,1,111,8,'ct','fullinventory','','2010-02-26 06:58:29',1),(416,1,111,4,'ct','mininventory','','2010-02-26 06:58:29',1),(417,1,112,25,'fl. oz','instock','','2010-02-26 06:58:29',1),(418,1,112,25,'fl. oz','fullinventory','','2010-02-26 06:58:29',1),(419,1,112,25,'fl. oz','mininventory','','2010-02-26 06:58:29',1),(420,1,113,6,'ct','fullinventory','','2010-02-26 06:58:29',1),(421,1,113,3,'ct','mininventory','','2010-02-26 06:58:29',1),(422,1,114,32,'fl. oz','instock','','2010-02-26 06:58:29',1),(423,1,114,32,'fl. oz','fullinventory','','2010-02-26 06:58:29',1),(424,1,114,32,'fl. oz','mininventory','','2010-02-26 06:58:29',1),(425,1,115,17,'oz','fullinventory','','2010-02-26 06:58:29',1),(426,1,115,17,'oz','mininventory','','2010-02-26 06:58:29',1),(427,1,115,8.5,'oz','instock','','2010-02-26 06:58:29',1),(428,1,115,8.5,'oz','instock','','2010-02-26 06:58:29',1),(429,1,115,6.8,'oz','instock','','2010-02-26 06:58:29',1),(430,1,116,50,'ct','instock','','2010-02-26 06:58:29',1),(431,1,116,50,'ct','fullinventory','','2010-02-26 06:58:29',1),(432,1,116,10,'ct','mininventory','','2010-02-26 06:58:29',1),(433,1,117,1,'ct','instock','','2010-02-26 06:58:29',1),(434,1,117,1,'ct','instock','','2010-02-26 06:58:29',1),(435,1,117,1,'ct','instock','','2010-02-26 06:58:29',1),(436,1,117,6,'ct','fullinventory','','2010-02-26 06:58:29',1),(437,1,117,4,'ct','mininventory','','2010-02-26 06:58:29',1),(438,1,118,24,'ct','instock','','2010-02-26 06:58:29',1),(439,1,119,24,'ct','instock','','2010-02-26 06:58:29',1),(440,1,120,60,'ct','instock','Assorted','2010-02-26 06:58:29',1),(441,1,120,50,'ct','fullinventory','','2010-02-26 06:58:29',1),(442,1,120,25,'ct','mininventory','','2010-02-26 06:58:29',1),(443,1,120,20,'ct','instock','','2010-02-26 06:58:29',1),(444,1,121,80,'ct','instock','','2010-02-26 06:58:29',1),(445,1,121,100,'ct','fullinventory','','2010-02-26 06:58:29',1),(446,1,121,50,'ct','mininventory','','2010-02-26 06:58:29',1),(447,1,122,1,'ct','instock','','2010-02-26 06:58:29',1),(448,1,122,1,'ct','instock','','2010-02-26 06:58:29',1),(449,1,122,1,'ct','instock','','2010-02-26 06:58:29',1),(450,1,122,1,'ct','instock','','2010-02-26 06:58:29',1),(451,1,122,1,'ct','instock','','2010-02-26 06:58:29',1),(452,1,122,1,'ct','instock','','2010-02-26 06:58:29',1),(453,1,122,1,'ct','instock','','2010-02-26 06:58:29',1),(454,1,122,3,'ct','fullinventory','','2010-02-26 06:58:29',1),(455,1,122,3,'ct','mininventory','','2010-02-26 06:58:29',1),(456,1,123,8,'oz','fullinventory','Grated','2010-02-26 06:58:29',1),(457,1,123,8,'oz','mininventory','Grated','2010-02-26 06:58:29',1),(458,1,124,12,'oz','fullinventory','','2010-02-26 06:58:29',1),(459,1,124,12,'oz','mininventory','','2010-02-26 06:58:29',1),(460,1,125,16,'oz','fullinventory','','2010-02-26 06:58:29',1),(461,1,125,16,'oz','mininventory','','2010-02-26 06:58:29',1),(462,1,28,8,'oz','fullinventory','','2010-02-26 06:58:29',1),(463,1,28,8,'oz','mininventory','','2010-02-26 06:58:29',1),(464,1,126,2,'ct','fullinventory','','2010-02-26 06:58:29',1),(465,1,126,1,'ct','mininventory','','2010-02-26 06:58:29',1),(466,1,127,2,'ct','fullinventory','','2010-02-26 06:58:29',1),(467,1,127,1,'ct','mininventory','','2010-02-26 06:58:29',1),(468,1,128,1,'lb','fullinventory','','2010-02-26 06:58:29',1),(469,1,128,1,'lb','mininventory','','2010-02-26 06:58:29',1),(470,1,129,6,'ct','fullinventory','','2010-02-26 06:58:29',1),(471,1,129,1,'ct','mininventory','','2010-02-26 06:58:29',1),(472,1,130,5,'ct','fullinventory','','2010-02-26 06:58:29',1),(473,1,130,1,'ct','mininventory','','2010-02-26 06:58:29',1),(476,1,132,40,'oz','fullinventory','Canned Chunks','2010-02-26 06:58:29',1),(477,1,132,20,'oz','mininventory','Canned Chunks','2010-02-26 06:58:29',1),(478,1,131,1,'ct','instock','','2010-02-26 06:58:29',1),(479,1,131,1,'ct','instock','','2010-02-26 06:58:29',1),(480,1,124,12,'oz','instock','','2010-02-26 06:58:29',1),(481,1,54,5,'oz','instock','','2010-02-26 06:58:29',1),(482,1,68,6,'oz','instock','','2010-02-26 06:58:29',1),(483,1,25,16,'ct','instock','Sliced','2010-02-26 06:58:29',1),(485,1,59,8,'oz','instock','','2010-02-26 06:58:29',1),(486,1,128,1,'lb','instock','','2010-02-26 06:58:29',1),(487,1,53,0.5,'gal','instock','1%','2010-02-26 06:58:29',1),(488,1,132,20,'oz','instock','','2010-02-26 06:58:29',1),(489,1,82,12,'oz','instock','','2010-02-26 06:58:29',1),(490,1,83,16,'fl. oz','instock','','2010-02-26 06:58:29',1),(515,1,136,6,'ct','fullinventory','','2010-02-26 06:58:29',1),(492,1,129,1,'ct','instock','','2010-02-26 06:58:29',1),(493,1,129,1,'ct','instock','','2010-02-26 06:58:29',1),(494,1,129,1,'ct','instock','','2010-02-26 06:58:29',1),(495,1,129,1,'ct','instock','','2010-02-26 06:58:29',1),(496,1,129,1,'ct','instock','','2010-02-26 06:58:29',1),(497,1,129,1,'ct','instock','','2010-02-26 06:58:29',1),(498,1,35,16,'oz','instock','','2010-02-26 06:58:29',1),(499,1,77,8,'ct','instock','','2010-02-26 06:58:29',1),(500,1,127,1,'ct','instock','','2010-02-26 06:58:29',1),(501,1,55,8,'ct','instock','','2010-02-26 06:58:29',1),(502,1,133,8,'ct','instock','','2010-02-26 06:58:29',1),(503,1,30,58,'oz','instock','','2010-02-26 06:58:29',1),(504,1,30,58,'oz','instock','','2010-02-26 06:58:29',1),(505,1,110,3,'ct','instock','','2010-02-26 06:58:29',1),(506,1,40,100,'ct','instock','','2010-02-26 06:58:29',1),(507,1,113,3,'ct','instock','','2010-02-26 06:58:29',1),(508,1,134,2,'ct','instock','','2010-02-26 06:58:29',1),(509,1,117,1,'ct','instock','','2010-02-26 06:58:29',1),(510,1,117,1,'ct','instock','','2010-02-26 06:58:29',1),(511,1,117,1,'ct','instock','','2010-02-26 06:58:29',1),(516,1,136,2,'ct','mininventory','','2010-02-26 06:58:29',1),(528,1,69,18,'oz','tobuy','','2010-02-26 06:58:29',1),(530,1,58,14.5,'oz','tobuy','','2010-02-26 06:58:29',1),(529,1,52,9.25,'oz','tobuy','','2010-02-26 06:58:29',1);
/*!40000 ALTER TABLE `listitems` ENABLE KEYS */;
UNLOCK TABLES;

--
-- Table structure for table `lists`
--

DROP TABLE IF EXISTS `lists`;
SET @saved_cs_client     = @@character_set_client;
SET character_set_client = utf8;
CREATE TABLE `lists` (
  `listid` int(10) unsigned NOT NULL auto_increment,
  `listname` varchar(255) NOT NULL,
  `acctid` int(10) unsigned NOT NULL,
  PRIMARY KEY  (`listid`)
) ENGINE=MyISAM AUTO_INCREMENT=2 DEFAULT CHARSET=latin1;
SET character_set_client = @saved_cs_client;

--
-- Dumping data for table `lists`
--

LOCK TABLES `lists` WRITE;
/*!40000 ALTER TABLE `lists` DISABLE KEYS */;
INSERT INTO `lists` VALUES (1,'MyList',1);
/*!40000 ALTER TABLE `lists` ENABLE KEYS */;
UNLOCK TABLES;

--
-- Table structure for table `products`
--

DROP TABLE IF EXISTS `products`;
SET @saved_cs_client     = @@character_set_client;
SET character_set_client = utf8;
CREATE TABLE `products` (
  `productid` int(10) unsigned NOT NULL auto_increment,
  `productname` varchar(255) NOT NULL,
  `expiration` int(10) unsigned default NULL,
  `timestamp` timestamp NOT NULL default CURRENT_TIMESTAMP on update CURRENT_TIMESTAMP,
  `priority` enum('cost','item') NOT NULL default 'item',
  `acctid` int(10) unsigned NOT NULL,
  PRIMARY KEY  (`productid`)
) ENGINE=MyISAM AUTO_INCREMENT=137 DEFAULT CHARSET=latin1;
SET character_set_client = @saved_cs_client;

--
-- Dumping data for table `products`
--

LOCK TABLES `products` WRITE;
/*!40000 ALTER TABLE `products` DISABLE KEYS */;
INSERT INTO `products` VALUES (25,'Cheese',NULL,'2010-02-26 06:59:23','item',1),(24,'Dryer Sheets',NULL,'2010-02-26 06:59:23','item',1),(23,'Stain Stick',NULL,'2010-02-26 06:59:23','item',1),(22,'Clothing Bleach',NULL,'2010-02-26 06:59:23','item',1),(21,'Dishwasher Detergent',NULL,'2010-02-26 06:59:23','item',1),(20,'Rum',NULL,'2010-02-26 06:59:23','item',1),(19,'Margarita Mix',NULL,'2010-02-26 06:59:23','item',1),(18,'Tequila',NULL,'2010-02-26 06:59:23','item',1),(17,'Whiskey',NULL,'2010-02-26 06:59:23','item',1),(133,'Sandwich Thins',NULL,'2010-02-26 06:59:23','item',1),(26,'Beer Bottle',NULL,'2010-02-26 06:59:23','item',1),(27,'Cheese Dip',NULL,'2010-02-26 06:59:23','item',1),(28,'Mustard',NULL,'2010-02-26 06:59:23','item',1),(29,'Ketchup',NULL,'2010-02-26 06:59:23','item',1),(30,'Laundry Detergent',NULL,'2010-02-26 06:59:23','item',1),(31,'Spaghetti Sauce',NULL,'2010-02-26 06:59:23','item',1),(32,'Dill Pickles',NULL,'2010-02-26 06:59:23','item',1),(33,'Syrup',NULL,'2010-02-26 06:59:23','item',1),(34,'Butter',NULL,'2010-02-26 06:59:23','item',1),(35,'Carrots',NULL,'2010-02-26 06:59:23','item',1),(36,'Diet Mountain Dew',NULL,'2010-02-26 06:59:23','item',1),(37,'White Wine',NULL,'2010-02-26 06:59:23','item',1),(38,'Champagne',NULL,'2010-02-26 06:59:23','item',1),(39,'Sparkling Cider',NULL,'2010-02-26 06:59:23','item',1),(40,'Ibuprofen',NULL,'2010-02-26 06:59:23','item',1),(41,'Orange Juice',NULL,'2010-02-26 06:59:23','item',1),(42,'Cane Soda',NULL,'2010-02-26 06:59:23','item',1),(43,'Turkey Bacon',NULL,'2010-02-26 06:59:23','item',1),(44,'Chicken Nuggets',NULL,'2010-02-26 06:59:23','item',1),(45,'Ground Beef',NULL,'2010-02-26 06:59:23','item',1),(46,'Cheddar Cheese',NULL,'2010-02-26 06:59:23','item',1),(47,'Coke',NULL,'2010-02-26 06:59:23','item',1),(48,'Red Wine',NULL,'2010-02-26 06:59:23','item',1),(49,'Tortilla Chips',NULL,'2010-02-26 06:59:23','item',1),(50,'Cheerios',NULL,'2010-02-26 06:59:23','item',1),(51,'Wheat Bread',NULL,'2010-02-26 06:59:23','item',1),(52,'Fritos',NULL,'2010-02-26 06:59:23','item',1),(53,'Milk',NULL,'2010-02-26 06:59:23','item',1),(54,'Lunchmeat',NULL,'2010-02-26 06:59:23','item',1),(55,'Hamburger Buns',NULL,'2010-02-26 06:59:23','item',1),(56,'Lemonade',NULL,'2010-02-26 06:59:23','item',1),(57,'Crab Meat',NULL,'2010-02-26 06:59:23','item',1),(58,'Canned Tomatoes',NULL,'2010-02-26 06:59:23','item',1),(59,'Parmesan Cheese',NULL,'2010-02-26 06:59:23','item',1),(60,'Chicken Broth',NULL,'2010-02-26 06:59:23','item',1),(61,'Chicken & Mushroom Soup',NULL,'2010-02-26 06:59:23','item',1),(62,'Clam Chowder',NULL,'2010-02-26 06:59:23','item',1),(63,'Vegtable Beef Soup',NULL,'2010-02-26 06:59:23','item',1),(64,'Minestrone Soup',NULL,'2010-02-26 06:59:23','item',1),(65,'Pita Bread',NULL,'2010-02-26 06:59:23','item',1),(66,'Macaroni and Cheese',NULL,'2010-02-26 06:59:23','item',1),(67,'Pizza Sauce',NULL,'2010-02-26 06:59:23','item',1),(68,'Turkey Pepperoni',NULL,'2010-02-26 06:59:23','item',1),(69,'Peanut Butter',NULL,'2010-02-26 06:59:23','item',1),(70,'Crackers',NULL,'2010-02-26 06:59:23','item',1),(71,'Liquid Hand Soap',NULL,'2010-02-26 06:59:23','item',1),(72,'Dish Soap',NULL,'2010-02-26 06:59:23','item',1),(73,'Water Flavoring',NULL,'2010-02-26 06:59:23','item',1),(74,'Hard Candy',NULL,'2010-02-26 06:59:23','item',1),(75,'Breath Mints',NULL,'2010-02-26 06:59:23','item',1),(76,'Pucker',NULL,'2010-02-26 06:59:23','item',1),(77,'Granola Bars',NULL,'2010-02-26 06:59:23','item',1),(78,'Saltine Crackers',NULL,'2010-02-26 06:59:23','item',1),(79,'Mixed Nuts',NULL,'2010-02-26 06:59:23','item',1),(80,'Bisquick',NULL,'2010-02-26 06:59:23','item',1),(81,'Quaker Oats',NULL,'2010-02-26 06:59:23','item',1),(82,'Salad',NULL,'2010-02-26 06:59:23','item',1),(83,'Salad Dressing',NULL,'2010-02-26 06:59:23','item',1),(84,'Flour',NULL,'2010-02-26 06:59:23','item',1),(85,'Hot Chocolate',NULL,'2010-02-26 06:59:23','item',1),(86,'Tea Bags',NULL,'2010-02-26 06:59:23','item',1),(87,'Toothpicks',NULL,'2010-02-26 06:59:23','item',1),(88,'Plastic Spoons',NULL,'2010-02-26 06:59:23','item',1),(89,'Pam Spray',NULL,'2010-02-26 06:59:23','item',1),(90,'Frosting',NULL,'2010-02-26 06:59:23','item',1),(91,'Sugar',NULL,'2010-02-26 06:59:23','item',1),(92,'Stove Top Stuffing',NULL,'2010-02-26 06:59:23','item',1),(93,'Cake Mix',NULL,'2010-02-26 06:59:23','item',1),(94,'Brownie Mix',NULL,'2010-02-26 06:59:23','item',1),(95,'Scalloped Potatoes',NULL,'2010-02-26 06:59:23','item',1),(96,'Rice',NULL,'2010-02-26 06:59:23','item',1),(97,'Brown Sugar',NULL,'2010-02-26 06:59:23','item',1),(98,'Garlic Powder',NULL,'2010-02-26 06:59:23','item',1),(99,'Cinnamon',NULL,'2010-02-26 06:59:23','item',1),(100,'Oregano',NULL,'2010-02-26 06:59:23','item',1),(101,'Paprika',NULL,'2010-02-26 06:59:23','item',1),(102,'Basil',NULL,'2010-02-26 06:59:23','item',1),(103,'Chopped Onions',NULL,'2010-02-26 06:59:23','item',1),(104,'Salt',NULL,'2010-02-26 06:59:23','item',1),(105,'Baking Soda',NULL,'2010-02-26 06:59:23','item',1),(106,'Vinegar',NULL,'2010-02-26 06:59:23','item',1),(107,'Vegetable Oil',NULL,'2010-02-26 06:59:23','item',1),(108,'Deodorant',NULL,'2010-02-26 06:59:23','item',1),(109,'Toilet Paper',NULL,'2010-02-26 06:59:23','item',1),(110,'Toilet Cleaner',NULL,'2010-02-26 06:59:23','item',1),(111,'Bar Soap',NULL,'2010-02-26 06:59:23','item',1),(112,'Scrubbing Bubbles',NULL,'2010-02-26 06:59:23','item',1),(113,'Sponges',NULL,'2010-02-26 06:59:23','item',1),(114,'Lysol Spray',NULL,'2010-02-26 06:59:23','item',1),(115,'Hair Gel',NULL,'2010-02-26 06:59:23','item',1),(116,'Trash Bags',NULL,'2010-02-26 06:59:23','item',1),(117,'Tissues',NULL,'2010-02-26 06:59:23','item',1),(118,'Coricidin D',NULL,'2010-02-26 06:59:23','item',1),(119,'Coricidin HBP Cold & Flu',NULL,'2010-02-26 06:59:23','item',1),(120,'Bandaids',NULL,'2010-02-26 06:59:23','item',1),(121,'Cough Drops',NULL,'2010-02-26 06:59:23','item',1),(122,'Lip Balm',NULL,'2010-02-26 06:59:23','item',1),(123,'Mozzarella Cheese',NULL,'2010-02-26 06:59:23','item',1),(124,'Spaghetti Noodles',NULL,'2010-02-26 06:59:23','item',1),(125,'Mostacholi Noodles',NULL,'2010-02-26 06:59:23','item',1),(126,'Chicken Gumbo Soup',NULL,'2010-02-26 06:59:23','item',1),(127,'Cream of Chicken Soup',NULL,'2010-02-26 06:59:23','item',1),(128,'Chicken Breast',NULL,'2010-02-26 06:59:23','item',1),(129,'Bananas',NULL,'2010-02-26 06:59:23','item',1),(130,'Apples',NULL,'2010-02-26 06:59:23','item',1),(131,'Dry Onion Soup Mix',NULL,'2010-02-26 06:59:23','item',1),(132,'Pineapple',NULL,'2010-02-26 06:59:23','item',1),(134,'Steel Wool',NULL,'2010-02-26 06:59:23','item',1),(135,'Pringles',NULL,'2010-02-26 06:59:23','item',1),(136,'Yogurt',NULL,'2010-02-26 06:59:23','item',1);
/*!40000 ALTER TABLE `products` ENABLE KEYS */;
UNLOCK TABLES;

--
-- Table structure for table `upccache`
--

DROP TABLE IF EXISTS `upccache`;
SET @saved_cs_client     = @@character_set_client;
SET character_set_client = utf8;
CREATE TABLE `upccache` (
  `upc` bigint(13) unsigned NOT NULL,
  `itemname` varchar(255) default NULL,
  `sizeweight` varchar(255) default NULL,
  `timestamp` timestamp NOT NULL default CURRENT_TIMESTAMP on update CURRENT_TIMESTAMP,
  PRIMARY KEY  (`upc`)
) ENGINE=MyISAM DEFAULT CHARSET=latin1;
SET character_set_client = @saved_cs_client;

/*!40101 SET SQL_MODE=@OLD_SQL_MODE */;
/*!40014 SET FOREIGN_KEY_CHECKS=@OLD_FOREIGN_KEY_CHECKS */;
/*!40014 SET UNIQUE_CHECKS=@OLD_UNIQUE_CHECKS */;
/*!40101 SET CHARACTER_SET_CLIENT=@OLD_CHARACTER_SET_CLIENT */;
/*!40101 SET CHARACTER_SET_RESULTS=@OLD_CHARACTER_SET_RESULTS */;
/*!40101 SET COLLATION_CONNECTION=@OLD_COLLATION_CONNECTION */;
/*!40111 SET SQL_NOTES=@OLD_SQL_NOTES */;

-- Dump completed on 2010-02-26  7:04:57
